<?xml version="1.0" encoding="UTF-8" ?>
<!DOCTYPE struts PUBLIC
	"-//Apache Software Foundation//DTD Struts Configuration 2.3//EN"
	"http://struts.apache.org/dtds/struts-2.3.dtd">

<struts>

   

    <!-- Add packages here -->
      <constant name="struts.devMode" value="false"/>
      <package name="default" namespace="/" extends="struts-default">
        <!-- 张钟颖 -->
        <action name="addScheduleAction" class="nuc.sw.zzy.action.ScheduleAction" method="addSchedule">
            <result name="addScheduleOK" type="chain">getScheduleAction</result>
            <result name="input">/addSchedule.jsp</result>
        </action>
        <action name="getScheduleAction" class="nuc.sw.zzy.action.ScheduleAction" method="findAllSchedule">
            <result name="findScheduleOK">/showAllSchedule.jsp</result>
            <result name="input">/addSchedule.jsp</result>
        </action>
        <action name="findBySnoAction" class="nuc.sw.zzy.action.ScheduleAction" method="findSnoSchedule">
            <result name="findSnoOK">/showSnoSchedule1.jsp</result>
            <result name="input">/findBySno.jsp</result>
        </action>
        <action name="findByCnoAction" class="nuc.sw.zzy.action.ScheduleAction" method="findCnoSchedule">
            <result name="findCnoOK">/showCnoSchedule.jsp</result>
            <result name="input">/findByCno.jsp</result>
        </action>
        <action name="updateScheduleAction" class="nuc.sw.zzy.action.ScheduleAction" method="findCnoSchedule">
            <result name="findCnoOK">/updateSchedule1.jsp</result>
            <result name="input">/showAllSchedule.jsp</result>
        </action>
        <action name="deleteScheduleAction" class="nuc.sw.zzy.action.ScheduleAction" method="deleteSchedule">
            <result name="deleteScheduleOK" type="chain">getScheduleAction</result>
            <result name="input">/showAllSchedule.jsp</result>
        </action>
        <action name="saveScheduleAction" class="nuc.sw.zzy.action.ScheduleAction" method="updateSchedule">
            <result name="updateScheduleOK" type="chain">getScheduleAction</result>
            <result name="input">/updateSchedule.jsp</result>
        </action>
        
        
        <!-- 王雯宇 -->
        <action name="login" class="nuc.sw.zzy.action.loginRegAction" method="login">
            <result name="teacherlogin">/totalGrade.jsp</result>
            <result name="admitlogin">/admit.jsp</result>
            <result name="error">/Alogin.jsp</result>
            <result name="input">/Alogin.jsp</result>
        </action>
        <action name="findSnoGradeAction" class="nuc.sw.wwy.GradeAction" method="findSnoGrade">
            <result name="findSnoOK">/showSnoGrade1.jsp</result>
            <result name="input">/zhuye.jsp</result>
        </action>


      <!-- 杨蕾 -->
      <action name="addGradeAction" class="nuc.sw.yl.grade.action.gradeAction" method="addGradeMethod">    
            <result name="addGradeOK" type="chain">
               findAllGradeAction
            </result>
        </action>
        <action name="findAllGradeAction" class="nuc.sw.yl.grade.action.gradeAction" method="findAllGradeMethod">
            <result name="findAllGradeOk" >
               /showAllGrade.jsp
            </result>
        </action>
        <action name="findSingnalGradeAction" class="nuc.sw.yl.grade.action.gradeAction" method="findSingnalGradeMethod">
            <result name="findSingnalGradeOk" >
               /showsingnalGrade.jsp
            </result>
        </action>
        <action name="deleteGradeAction" class="nuc.sw.yl.grade.action.gradeAction" method="deleteGradeMethod">
            <result name="deleteGradeOK" type="chain">
               findAllGradeAction
            </result>
        </action>
        <action name="updateGradeAction" class="nuc.sw.yl.grade.action.gradeAction" method="findAllGradeBySnoAndCnoMethod">
            <result name="findSingnalGradeBySnoAndCnoOk" >
               /updateBySno.jsp
            </result>
        </action>
         <action name="resumeaddGradeAction" class="nuc.sw.yl.grade.action.gradeAction" method="resumeaddGradeMethod">
            <result name="resumeGradeOk"  type="chain" >
             findSingnalGradeAction
            </result>
        </action>
        
        <!-- 年宇慧 -->
        <action name="add_AllStudentAction" class="nuc.sw.nyh.action.StudentAction" method="add_AllStudentActionMethod">
              <param name="savePath">c:/uploadFile</param>   
              <result name="addStudentOK" type="chain">search_AllStudentAction</result>
              <result name="input">/tianjia.jsp</result>
           </action>
            <action name="search_AllStudentAction" class="nuc.sw.nyh.action.StudentAction" method="search_AllStudentActionMethod">
            <result name="getStudentOK">/showAllStudent.jsp</result>
            </action>
            <action name="select_SignalStudentAction" class="nuc.sw.nyh.action.StudentAction" method="select_SignalStudentActionMethod">
               <result name="selectStudentOK">/showSignal.jsp</result>
            </action>
            <action name="delete_SignalStudentAction" class="nuc.sw.nyh.action.StudentAction" method="delete_SignalStudentActionMethod">
                     <result name="deleteStudentOK" type="chain">search_AllStudentAction</result>
            </action>
            <action name="update_SignalStudentAction" class="nuc.sw.nyh.action.StudentAction" method="select_SignalStudentActionMethod">
               <result name="selectStudentOK">/showupdate.jsp</result>
            </action>
            <action name="Write_SignalStudentAction" class="nuc.sw.nyh.action.StudentAction" method="Write_SignalStudentActionMethod">
                <param name="savePath">c:/uploadFile</param>  
                <result name="WriteStudentOk">/showSignal.jsp</result>
                <result name="input">/selectStudent.jsp</result>
            </action>
           <action name="LoginRegAction" class="nuc.sw.nyh.action.LoginRegAction" method="LoginRegActionMethod">
               <result name="success">/zhuye.jsp</result>
               <result name="input">/login.jsp</result>
               <result name="error">/login.jsp</result>
           </action>
           
           <!-- 张丽 -->
           <action name="insertPlanAction" method="insertPlan" class="nuc.sw.zl.action.planAction">
    <result name="insertOK"  type="chain">selectAllPlanAction</result>
   </action>
   <action name="selectAllPlanAction" method="selectAllPlan" class="nuc.sw.zl.action.planAction">
     <result name="selectAllOK">/showPlan.jsp</result>
   </action>
   <action name="updatePlanAction" method="selectSinPlan" class="nuc.sw.zl.action.planAction">
     <result name="selectSinOK">/updateBySno1.jsp</result> 
   </action>
   <action name="updateAction" method="updatePlan" class="nuc.sw.zl.action.planAction">
     <result name="updateOK" type="chain" >selectSinPlanAction</result>
   </action>
   <action name="deletePlanAction" method="deletePlan" class="nuc.sw.zl.action.planAction">
     <result name="deleteOK" type="chain">selectAllPlanAction</result>
   </action>
   <action name="selectSinPlanAction" method="selectSinPlan" class="nuc.sw.zl.action.planAction">
     <result name="selectSinOK">/showSin.jsp</result>
   </action>

   <action name="uploadPlanAction" class="nuc.sw.zl.action.uploadPlanAction">
     <interceptor-ref name="fileUpload">
         <param name="maximumSize">85479516</param>
     </interceptor-ref>
     <interceptor-ref name="defaultStack"></interceptor-ref>
   <param name="savePath">D:\uploadRealFile</param>
    <result>
      /uploadOK.jsp
    </result>
   <result name="input">/uploadPlan.jsp</result>
   </action>
    </package>
</struts>
